Workbook

Sheet Summary
A1: Component | B1: Optimistic | C1: MidPoint | D1: Pessimistic | E1: Sprint Optimistic | F1: Sprint MidPoint | G1: Sprint Pessimistic | I1: #VTE | J1: Sprint Days
A2: {=_xlfn.UNIQUE(_xlfn._xlws.FILTER(Tabel1[Component],Tabel1[Component]<>""))} -> ingest | B2: =SUMIF(Tabel1[Component], Summary!$A2, Tabel1[o]) -> 2 | C2: =SUMIF(Tabel1[Component], Summary!$A2, Tabel1[m]) -> 3 | D2: =SUMIF(Tabel1[Component], Summary!$A2, Tabel1[p]) -> 4 | E2: =B2/($I$2*$J$2) -> 0.11111111 | F2: =C2/($I$2*$J$2) -> 0.16666667 | G2: =D2/($I$2*$J$2) -> 0.22222222 | I2: 2 | J2: 9
A3: iceberg-load | B3: =SUMIF(Tabel1[Component], Summary!$A3, Tabel1[o]) -> 2 | C3: =SUMIF(Tabel1[Component], Summary!$A3, Tabel1[m]) -> 3 | D3: =SUMIF(Tabel1[Component], Summary!$A3, Tabel1[p]) -> 5 | E3: =B3/($I$2*$J$2) -> 0.11111111 | F3: =C3/($I$2*$J$2) -> 0.16666667 | G3: =D3/($I$2*$J$2) -> 0.27777778
A4: analyse | B4: =SUMIF(Tabel1[Component], Summary!$A4, Tabel1[o]) -> 7 | C4: =SUMIF(Tabel1[Component], Summary!$A4, Tabel1[m]) -> 13 | D4: =SUMIF(Tabel1[Component], Summary!$A4, Tabel1[p]) -> 20 | E4: =B4/($I$2*$J$2) -> 0.38888889 | F4: =C4/($I$2*$J$2) -> 0.72222222 | G4: =D4/($I$2*$J$2) -> 1.1111111
A5: transformatie | B5: =SUMIF(Tabel1[Component], Summary!$A5, Tabel1[o]) -> 4 | C5: =SUMIF(Tabel1[Component], Summary!$A5, Tabel1[m]) -> 9 | D5: =SUMIF(Tabel1[Component], Summary!$A5, Tabel1[p]) -> 13 | E5: =B5/($I$2*$J$2) -> 0.22222222 | F5: =C5/($I$2*$J$2) -> 0.5 | G5: =D5/($I$2*$J$2) -> 0.72222222
A6: consumeren | B6: =SUMIF(Tabel1[Component], Summary!$A6, Tabel1[o]) -> 3 | C6: =SUMIF(Tabel1[Component], Summary!$A6, Tabel1[m]) -> 5 | D6: =SUMIF(Tabel1[Component], Summary!$A6, Tabel1[p]) -> 8 | E6: =B6/($I$2*$J$2) -> 0.16666667 | F6: =C6/($I$2*$J$2) -> 0.27777778 | G6: =D6/($I$2*$J$2) -> 0.44444444
A7: devops | B7: =SUMIF(Tabel1[Component], Summary!$A7, Tabel1[o]) -> 1 | C7: =SUMIF(Tabel1[Component], Summary!$A7, Tabel1[m]) -> 2 | D7: =SUMIF(Tabel1[Component], Summary!$A7, Tabel1[p]) -> 3 | E7: =B7/($I$2*$J$2) -> 0.055555556 | F7: =C7/($I$2*$J$2) -> 0.11111111 | G7: =D7/($I$2*$J$2) -> 0.16666667
A8: visualisatie | B8: =SUMIF(Tabel1[Component], Summary!$A8, Tabel1[o]) -> 9 | C8: =SUMIF(Tabel1[Component], Summary!$A8, Tabel1[m]) -> 18 | D8: =SUMIF(Tabel1[Component], Summary!$A8, Tabel1[p]) -> 28 | E8: =B8/($I$2*$J$2) -> 0.5 | F8: =C8/($I$2*$J$2) -> 1 | G8: =D8/($I$2*$J$2) -> 1.5555556
A9: documentatie | B9: =SUMIF(Tabel1[Component], Summary!$A9, Tabel1[o]) -> 1 | C9: =SUMIF(Tabel1[Component], Summary!$A9, Tabel1[m]) -> 2 | D9: =SUMIF(Tabel1[Component], Summary!$A9, Tabel1[p]) -> 3 | E9: =B9/($I$2*$J$2) -> 0.055555556 | F9: =C9/($I$2*$J$2) -> 0.11111111 | G9: =D9/($I$2*$J$2) -> 0.16666667
A12: Totaal | B12: =SUM(INDEX(B:B,1):INDEX(B:B,ROW()-1)) -> 29 | C12: =SUM(INDEX(C:C,1):INDEX(C:C,ROW()-1)) -> 55 | D12: =SUM(INDEX(D:D,1):INDEX(D:D,ROW()-1)) -> 84 | E12: =SUM(INDEX(E:E,1):INDEX(E:E,ROW()-1)) -> 1.6111111 | F12: =SUM(INDEX(F:F,1):INDEX(F:F,ROW()-1)) -> 3.0555556 | G12: =SUM(INDEX(G:G,1):INDEX(G:G,ROW()-1)) -> 4.6666667
A14: Confidence
A15: Timothy | B15: 90
A16: Sander | B16: 65
A17: Stijn D | B17: 60

Sheet Planning
A1: Task | B1: Component | C1: o | D1: m | E1: p | F1: Opmerkingen
A2: Structureel inladen van ACOEM/Skeyes/BAC data | B2: ingest | F2: Kan geschrapt worden, inladen volgens data storeage mgt afspraken van gestructureerde data
A3: Structureel inladen van ACOEM/Skeyes/BAC data | B3: ingest | F3: Kan geschrapt worden, inladen volgens data storeage mgt afspraken van ongestructureerde data
A4: Structureel inladen van aerovision data | B4: ingest | C4: 2 | D4: 3 | E4: 4 | F4: inladen volgens data storeage mgt afspraken van gestructureerde data
A6: Inladen csv in iceberg voor ACOEM/Skeyes/BAC data | B6: iceberg-load
A7: Inladen csv in iceberg voor Aerovision | B7: iceberg-load | C7: 2 | D7: 3 | E7: 5
A9: Verkenning ACOEM/Skeyes/BAC data | B9: analyse | C9: 1 | D9: 2 | E9: 4
A10: Verkenning aerovision data | B10: analyse | C10: 1 | D10: 2 | E10: 3 | F10: Overzicht van alle rapporttypes (dag-/maandindicatoren, eventlijsten) met hun kolommen. Eén week data analyseeren: volumes, ontbrekende waarden, gaten per station, fouten opmerken Per Must-Have uit de business case aanduiden welk rapport en welke kolommen nodig zijn.
A11: Ontwerp consumer alligned producten voor ACOEM/Skeyes/BAC data | B11: analyse
A12: Ontwerp consumer alligned producten voor aerovision data | B12: analyse | C12: 2 | D12: 4 | E12: 6
A13: Datacontract en SLA afspraken met aerovision | B13: analyse | C13: 1 | D13: 2 | E13: 3
A14: Analyse van grafieken | B14: analyse | C14: 2 | D14: 3 | E14: 4 | F14: Plus analyse van jargon
A16: Transformaties Aerovision omvormen tot een bedrijfsproces | B16: transformatie | C16: 2 | D16: 5 | E16: 8 | F16: Tot consumer aligned product voor visualisatie en export
A17: Transformaties ACOEM/Skeyes/BAC omvormen tot een bedrijfsproces | B17: transformatie | C17: 2 | D17: 4 | E17: 5 | F17: container maken van de huidige transformaties en op argo workflows laten draaien
A18: Consumer alligned product bouwen voor ACOEM/Skeyes/BAC data | B18: transformatie | F18: Voor visualisatie en voor export
A19: Omvormen tot SSN:SOSA model | B19: transformatie | F19: Vragen aan Pieter & Geert
A21: Populeren van de ACOEM/Skeyes/BAC data voor de website | B21: consumeren
A22: Populeren van de aerovision data voor de website | B22: consumeren | C22: 1 | D22: 2 | E22: 3 | F22: Via LDES
A23: Populeren van de aerovision data voor de website | B23: consumeren | C23: 2 | D23: 3 | E23: 5 | F23: Via Queuing mechanisme
A25: CI/CD opzet | B25: devops | C25: 1 | D25: 2 | E25: 3
A26: server deployen | B26: devops | F26: via kubernetes?
A28: Wireframe website met figma | B28: visualisatie | C28: 3 | D28: 6 | E28: 9 | F28: In samenspraak met flux
A29: POC visualisatie met mock/sample data | B29: visualisatie | C29: 3 | D29: 6 | E29: 9 | F29: Implementeren van figma design, kaart en grafieken
A30: Backend implementeren | B30: visualisatie | C30: 3 | D30: 6 | E30: 10 | F30: Ophalen van postgres data in CA model
A32: Documentatie | B32: documentatie | C32: 1 | D32: 2 | E32: 3
